Employee ID,Full Name,Role,Designation,Department,Email,Password,Contact No,Workspace
EMP-001,Saksham Lanjewar,ADMIN,Studio Administrator & Owner,Administration,designsaksham1@gmail.com,StudioPassword2026!,+91 9359379523,100percentdesign
DSB001,Gaurav Bhusari,OWNER,Boss,Interior Design,designgaurav0@gmail.com,Gaurav@Bhusari,,100percentdesign
DSB002,Priyanka Bhusari,OWNER,Boss,Architecture,designpriyanka0@gmail.com,Priyanka@Bhusari,,100percentdesign
EMP-002,Kajal Dahikar,EMPLOYEE,Architect,Architect,designkajal18@gmail.com,Kajal@Dahikar,"9730431755 (Alt: 9730431755)",100percentdesign
EMP-003,Soham Talwekar,EMPLOYEE,Architect,Civil,designsoham10@gmail.com,Soham@10,"7249787592 (Alt: 9359286665)",100percentdesign
EMP-004,Apoorva Pimparkar,EMPLOYEE,Architect,Architect,designapoorva03@gmail.com,Apoorva@2312,"9158841595 (Alt: 9850365441)",100percentdesign
EMP-005,sapna belsare,EMPLOYEE,Architect,Interior Designer,designsapna1999@gmail.com,Sapna@1999,"7709903503 (Alt: 9146722502)",100percentdesign
EMP-006,Vaishnavi shinde,EMPLOYEE,Architect,Architect,designvaishnavi@gmail.com,Vedant@Kadu,"8999039313 (Alt: No)",100percentdesign
EMP-007,Vedant Kadu,EMPLOYEE,Architect,Architect,designvedant03@gmail.com,Vedant@kadu,"9970649168 (Alt: No)",100percentdesign
EMP-008,Prutha Tembhekar,EMPLOYEE,Architect,Architect,designprutha@gmail.com,Prutha@3112002,"9284140280 (Alt: 9284140280)",100percentdesign
EMP-009,Anshul,EMPLOYEE,Architect,Architect,designanshul18@gmail.com,Anshul@Thool,"9960268678 (Alt: 9960268678)",100percentdesign
EMP-010,Santosh Bhalerao,EMPLOYEE,Architect,Civil,designsantosh@gmail.com,Santosh@Bhalerao,"9860565152 (Alt: 9860565152)",100percentdesign
EMP-011,Bhavika Ramtek,EMPLOYEE,Architect,Civil,designbhavika04@gmail.com,Delisha@28,"9657925336 (Alt: 9766915712)",100percentdesign
EMP-012,Aishwarya Tagde,EMPLOYEE,Architect,Civil,designaishwarya03@gmail.com,Aishwarya@03,"7741862635 (Alt: No)",100percentdesign
EMP-M789,Meera Manipulate,EMPLOYEE,Interior Architect,Interior Design,test.manipulate.1790845661189@100percentdesign.in,UpdatedSecure#999!,+91 99222 33445,100percentdesign
EMP-T989,Test Architect Arjun,EMPLOYEE,Senior Architect,Architecture,test.architect.1790845660725@100percentdesign.in,CustomPass#2026!,+91 98111 22334,100percentdesign
